Datetime,Water Level (m)
2025-03-07 00:00:00,0.102617435
2025-03-07 01:00:00,0.18347244
2025-03-07 02:00:00,0.110991664
2025-03-07 03:00:00,-0.073750824
2025-03-07 04:00:00,-0.25021338
2025-03-07 05:00:00,-0.39585492
2025-03-07 06:00:00,-0.5199248
2025-03-07 07:00:00,-0.6271728
2025-03-07 08:00:00,-0.71148497
2025-03-07 09:00:00,-0.75284624
2025-03-07 10:00:00,-0.6099098
2025-03-07 11:00:00,-0.30129877
2025-03-07 12:00:00,-0.0028621054
2025-03-07 13:00:00,0.233082
2025-03-07 14:00:00,0.35089922
2025-03-07 15:00:00,0.3300457
2025-03-07 16:00:00,0.17595936
2025-03-07 17:00:00,-0.021251868
2025-03-07 18:00:00,-0.1866453
2025-03-07 19:00:00,-0.32079005
2025-03-07 20:00:00,-0.43348983
2025-03-07 21:00:00,-0.5198564
2025-03-07 22:00:00,-0.5642533
2025-03-07 23:00:00,-0.5033097
2025-03-08 00:00:00,-0.3090491
2025-03-08 01:00:00,-0.12550691
2025-03-08 02:00:00,-0.02494997
2025-03-08 03:00:00,-0.032152288
2025-03-08 04:00:00,-0.13614458
2025-03-08 05:00:00,-0.26705676
2025-03-08 06:00:00,-0.38717613
2025-03-08 07:00:00,-0.49317953
2025-03-08 08:00:00,-0.5827991
2025-03-08 09:00:00,-0.65117526
2025-03-08 10:00:00,-0.6724146
2025-03-08 11:00:00,-0.5753931
2025-03-08 12:00:00,-0.36714023
2025-03-08 13:00:00,-0.14047086
2025-03-08 14:00:00,0.07296089
2025-03-08 15:00:00,0.2412276
2025-03-08 16:00:00,0.3256099
2025-03-08 17:00:00,0.30668268
2025-03-08 18:00:00,0.16473076
2025-03-08 19:00:00,-0.032841887
2025-03-08 20:00:00,-0.20587578
2025-03-08 21:00:00,-0.34850672
2025-03-08 22:00:00,-0.46771038
2025-03-08 23:00:00,-0.55742306
2025-03-09 00:00:00,-0.60911816
2025-03-09 01:00:00,-0.56246907
2025-03-09 02:00:00,-0.3684151
2025-03-09 03:00:00,-0.18040887
2025-03-09 04:00:00,-0.06443798
2025-03-09 05:00:00,-0.025967736
2025-03-09 06:00:00,-0.07171562
2025-03-09 07:00:00,-0.19533184
2025-03-09 08:00:00,-0.3391995
2025-03-09 09:00:00,-0.47219664
2025-03-09 10:00:00,-0.5832516
2025-03-09 11:00:00,-0.6697566
2025-03-09 12:00:00,-0.70498544
2025-03-09 13:00:00,-0.601007
2025-03-09 14:00:00,-0.3463813
2025-03-09 15:00:00,-0.08001999
2025-03-09 16:00:00,0.16039643
2025-03-09 17:00:00,0.3301321
2025-03-09 18:00:00,0.3823097
2025-03-09 19:00:00,0.27412403
2025-03-09 20:00:00,0.046709802
2025-03-09 21:00:00,-0.16552915
2025-03-09 22:00:00,-0.33738595
2025-03-09 23:00:00,-0.48388976
2025-03-10 00:00:00,-0.6044891
2025-03-10 01:00:00,-0.69459015
2025-03-10 02:00:00,-0.71192056
2025-03-10 03:00:00,-0.5144494
2025-03-10 04:00:00,-0.24236824
2025-03-10 05:00:00,-0.03322169
2025-03-10 06:00:00,0.085973494
2025-03-10 07:00:00,0.08664109
2025-03-10 08:00:00,-0.059831236
2025-03-10 09:00:00,-0.25404763
2025-03-10 10:00:00,-0.4214682
2025-03-10 11:00:00,-0.5583861
2025-03-10 12:00:00,-0.6683025
2025-03-10 13:00:00,-0.7432844
2025-03-10 14:00:00,-0.7137346
2025-03-10 15:00:00,-0.44019333
2025-03-10 16:00:00,-0.110067695
2025-03-10 17:00:00,0.19084018
2025-03-10 18:00:00,0.40352926
2025-03-10 19:00:00,0.47012773
2025-03-10 20:00:00,0.33273393
2025-03-10 21:00:00,0.0686668
2025-03-10 22:00:00,-0.1619283
2025-03-10 23:00:00,-0.34443456
2025-03-11 00:00:00,-0.50032836
2025-03-11 01:00:00,-0.63004565
2025-03-11 02:00:00,-0.7284729
2025-03-11 03:00:00,-0.74527246
2025-03-11 04:00:00,-0.4899388
2025-03-11 05:00:00,-0.15992106
2025-03-11 06:00:00,0.10861469
2025-03-11 07:00:00,0.26902434
2025-03-11 08:00:00,0.25764042
2025-03-11 09:00:00,0.06244037
2025-03-11 10:00:00,-0.16255084
2025-03-11 11:00:00,-0.34196618
2025-03-11 12:00:00,-0.49281868
2025-03-11 13:00:00,-0.62079304
2025-03-11 14:00:00,-0.715665
2025-03-11 15:00:00,-0.6785212
2025-03-11 16:00:00,-0.358796
2025-03-11 17:00:00,0.00473044
2025-03-11 18:00:00,0.3299384
2025-03-11 19:00:00,0.5444462
2025-03-11 20:00:00,0.58878046
2025-03-11 21:00:00,0.40045992
2025-03-11 22:00:00,0.110383846
2025-03-11 23:00:00,-0.1267688
2025-03-12 00:00:00,-0.3136621
2025-03-12 01:00:00,-0.47453734
2025-03-12 02:00:00,-0.6081002
2025-03-12 03:00:00,-0.7015122
2025-03-12 04:00:00,-0.62732655
2025-03-12 05:00:00,-0.26537722
2025-03-12 06:00:00,0.09985529
2025-03-12 07:00:00,0.37730476
2025-03-12 08:00:00,0.5066389
2025-03-12 09:00:00,0.41664815
2025-03-12 10:00:00,0.15390328
2025-03-12 11:00:00,-0.088423036
2025-03-12 12:00:00,-0.2795204
2025-03-12 13:00:00,-0.443388
2025-03-12 14:00:00,-0.5805812
2025-03-12 15:00:00,-0.670831
2025-03-12 16:00:00,-0.5333145
2025-03-12 17:00:00,-0.12919523
2025-03-12 18:00:00,0.28520182
2025-03-12 19:00:00,0.6238027
2025-03-12 20:00:00,0.81130034
2025-03-12 21:00:00,0.7419846
2025-03-12 22:00:00,0.43095133
2025-03-12 23:00:00,0.12900819
2025-03-13 00:00:00,-0.10152559
